CHR	POS	VARIANT_ID	REF	ALT	BETA	SE	Z	P
4	4888659	4:4888659:C:A	C	A	0.248734220845794	0.0502952918723647	4.94547723228271	7.59575482592455e-07
4	4889006	4:4889006:G:T	G	T	0.247864689444394	0.0501634325733323	4.94114291485234	7.76659518433712e-07
5	97377397	5:97377397:C:CT	C	CT	-0.766907465023988	0.146661121180833	-5.2291122476719	1.70325933545656e-07
11	121564744	11:121564744:A:AT	A	AT	-0.265229030893284	0.053497950059543	-4.95774194334708	7.13172025194161e-07
11	121564878	11:121564878:T:C	T	C	-0.263019741848185	0.053410844255213	-4.92446329047707	8.45922065374965e-07
11	121580918	11:121580918:CT:CTT	CT	CTT	-0.288161905169601	0.057155058885744	-5.04175677162108	4.61277365386127e-07
14	88945188	14:88945188:C:G	C	G	-0.253615004233384	0.0508070944865461	-4.99172422269772	5.98426584576394e-07
19	44858389	19:44858389:A:G	A	G	0.325074155134654	0.0617898125751372	5.26096684205604	1.43299876914699e-07
19	44862415	19:44862415:AAAAAAAAAAAAG:A	AAAAAAAAAAAAG	A	0.334867157615461	0.0621155731001602	5.39103385676719	7.00534732933042e-08
19	44862466	19:44862466:TA:T	TA	T	0.308784579577127	0.0618869679195653	4.9894927794565	6.0538036967045e-07
19	44867021	19:44867021:A:T	A	T	-0.258124153465679	0.0494061840365469	-5.22453127071579	1.745968210505e-07
19	44868428	19:44868428:A:AT	A	AT	-0.268170338538696	0.049322350935826	-5.43709562603	5.41560765481686e-08
19	44871814	19:44871814:C:T	C	T	1.51196082579237	0.299238750588292	5.05269061182723	4.35629247229907e-07
19	44875803	19:44875803:A:C	A	C	0.290521612234288	0.058925066437277	4.93035697369191	8.20794920560446e-07
19	44876079	19:44876079:C:T	C	T	0.288148021835549	0.0588992139002326	4.89222186095104	9.97039608141734e-07
19	44876309	19:44876309:AC:A	AC	A	0.28795388974437	0.0588644225069741	4.89181542060069	9.99101199259516e-07
19	44876425	19:44876425:A:C	A	C	0.288941830671591	0.0589098362774833	4.90481469530125	9.35155808273705e-07
19	44876869	19:44876869:G:C	G	C	0.29591333509854	0.0583576198690856	5.07068889653769	3.96378268897364e-07
19	44877288	19:44877288:G:T	G	T	0.296066562014103	0.0583402142948459	5.07482815400387	3.87846354650487e-07
19	44886339	19:44886339:G:A	G	A	-0.556389305869277	0.112294499969559	-4.95473336646145	7.24295407625479e-07
19	44889415	19:44889415:AT:A	AT	A	-0.560683273256766	0.113393982414357	-4.94455932597865	7.63162988326221e-07
19	44894261	19:44894261:CT:CTTT	CT	CTTT	-0.282441515180446	0.0556834256097534	-5.07227262129817	3.93092690329224e-07
19	44897776	19:44897776:CA:CAA	CA	CAA	-0.301535462377251	0.060796694340163	-4.95973449954587	7.05895895614775e-07
19	44905307	19:44905307:A:T	A	T	0.548035728712124	0.11049167047722	4.95997323911498	7.05028914367025e-07
19	44907187	19:44907187:G:A	G	A	-0.333572565602652	0.0632557528539365	-5.27339491750106	1.33922949314258e-07
19	44913034	19:44913034:C:T	C	T	-0.331770120188259	0.0626380763638653	-5.29662051339193	1.17965494702585e-07
